{"0DoEY5tr2GBKhLmr8B2Yhg==":"mbr-121x87.png","Zo5VAId+zA1qGfRmx1o4LA==":"mbr-1920x1280.jpg","M6FGLCUbMWeKzCI8SR3yWg==":"mbr-169x85.png","Dk/vwHE3wXVb2IIrB4fizQ==":"mbr-1900x1267.jpg","qmJdBzbF9qgfS7klRPnclQ==":"mbr-1900x1425.jpg","W/LK4eiQKXVpabpMWSX9XA==":"mbr-241x121.png","C3jHBDdbiQVjdX/FrXTRmQ==":"mbr-242x133.png","pSYPVuN8jH1Kqkdrh+I9SA==":"2023_audi_a6_allroad-1-960x720.jpg","NVj0GXw9Fv/3Yg63p4hOTg==":"2023_audi_r8-1-960x720.jpg","Z1dk9iitk11vDYIPt9su2g==":"slidshow1-1900x1016.jpg","sMPkeFPJ1QRCr1HN6leInQ==":"audi%20r8%20slideshow%20pic3-1900x1069.jpg","yjPOiXJ9bkWe+ZgPXtO1AA==":"images-221x166.png","911X7bM4yT2Mobv6BsMc+g==":"background8.jpg","+afwkXDFEeQOfz3vG5CPkQ==":"2023-acura-integra-angularfront-1-640x432.jpg","3z542gtwMtcuyEcr2pqEHA==":"2023-acura-integra-angularfront-1-640x432.jpeg","EQeQwUwdL18P3DeumdwSyg==":"2023-acura-rdx-angularfront-1-640x426.jpg","GPnMICc1+FZz0n9jYD9aXA==":"2023-audi-a4-allroad-1-596x385.jpg","0MFbpu9BSju9dwtKJmtLFg==":"2023-audi-a6-allroad-1-525x391.jpg","LVD8dhJsa4QyruBU5UIymQ==":"2023-bmw-x1-angular-front-1-596x386.jpg","OgiWrBaQxUGVMXaAJdNJBQ==":"2023-bmw-x3-angularfront-640x436.jpg","1z20pJ2l0viFl+gO6GDGzw==":"2023-buick-encore-gx-angularfront-525x317.jpg","jZfIrUlDIdiLnDccvtMqXA==":"2023-buick-envision-angularfront-525x354.jpg"}